{
    "components" :
    [
        {
            "name" : "move",
            "velocity" :
            {
                "type" : "point",
                "x" : 0.0,
                "y" : -80.0
            }
        },
        {
            "name" : "weapon",
            "enemyWeapon" : true,
            "fireRate" : 0.75,
            "weaponType" : "EnemyShot2",
            "target" : "Spaceship",
            "timeSinceLastShot" : 100
        },
        {
            "name" : "health",
            "health" : 100,
            "healthMax" : 100,
            "shield" : 0,
            "shieldMax" : 0
        },
        {
            "name" : "render",
            "spriteName" : "Sprites/Enemy2/Enemy2_1.png",
            "defaultAnimation" : {
                "spriteFrames": [
                    "Sprites/Enemy2/Enemy2_1.png",
                    "Sprites/Enemy2/Enemy2_2.png",
                    "Sprites/Enemy2/Enemy2_3.png",
                    "Sprites/Enemy2/Enemy2_2.png"
                ],
                "delayPerUnit": 0.2,
                "duration": 1.0,
                "restoreOriginalFrame": true
            }
        },
        {
            "name" : "reward",
            "points" : 250
        },
        {
            "name" : "tag",
            "tags" :
            [
                "Enemy"
            ]
        },
        {
            "name" : "loot",
            "dropTable" :
            {
                "chance" : 1.0,
                "list" : [
                    "HealthLoot",
                    "ShieldLoot",
                    "PointLoot"
                ]
            }
        },
        {
            "name" : "collision",
            "hitAnimation" :
            {
                "spriteFrames" :
                    [
                        "Sprites/Enemy2/Enemy2_hit.png"
                    ],
                "delayPerUnit" : 0.1,
                "duration" : 0.1,
                "restoreOriginalFrame" : true
            }
        },
        {
            "name" : "collisionDamage",
            "damage" : 75
        }
    ],
    "levelData" :
    {
        "2" :
        [
           {
               "name" : "reward",
               "points" : 350
           }
        ]
    }
}