{
    "components" :
    [
        {
            "name" : "render",
            "spriteName" : "Sprites/Shots2/PlasmaBolt.png"
        },
        {
            "name" : "tag",
            "tags" :
            [
                "LaserBeam"
            ]
        },
        {
            "name" : "weaponStats",
            "speed" : 550.0,
            "damage" : 35
        },
        {
            "name" : "collision",
            "collisionBlackListTags" :
                [
                    "Spaceship"
                ],
            "despawnAfterCollision" : true
        },
        {
            "name" : "collisionDamage"
        }
    ]
}